<?xml version="1.0" encoding="UTF-8"?>
<project name="greenfoot-package" default="dist">

    <patternset id="bluej.docfiles">
        <exclude name="**/.#*" />
        <include name="doc/API/**" />
    </patternset>
    
    <patternset id="bluej.libfiles">
        <exclude name="**/.#*" />
        <include name="lib/bluej.jar" />
        <include name="lib/bluejcore.jar" />
        <include name="lib/bluejeditor.jar" />
        <include name="lib/bluejext.jar" />
        <include name="lib/antlr.jar" />
        <include name="lib/junit.jar" />
        <include name="lib/MRJ141Stubs.jar" />
    	<include name="lib/commons-httpclient-3.1.jar" />
    	<include name="lib/commons-codec-1.3.jar" />
    	<include name="lib/commons-logging-api-1.1.1.jar" />
        <!-- TODO: Remove comment when we want to include GreenfootSound support               
    	<include name="lib/jl1.0.1.jar" />
    	-->
        <include name="lib/bluej.defs" />
        <include name="lib/greenfoot.defs" />
        <include name="lib/moe.defs" />
        <include name="lib/userlib/README.TXT" />
        <include name="lib/windowtofront.js" />
    </patternset>

    <patternset id="bluej.libdirs">
        <exclude name="**/.#*" />
        <include name="lib/images/*.gif" />
        <include name="lib/images/*.png" />
        <include name="lib/images/*.jpg" />
        <include name="lib/images/*.icns" />
        <include name="lib/afrikaans/" />
        <include name="lib/catalan/" />
        <include name="lib/dutch/" />
        <include name="lib/chinese/" />
        <include name="lib/czech/" />
        <include name="lib/english/" />
        <include name="lib/french/" />
        <include name="lib/german/" />
        <include name="lib/greek/" />
        <include name="lib/italian/" />
        <include name="lib/japanese/" />
        <include name="lib/korean/" />
        <include name="lib/portuguese/" />
        <include name="lib/spanish/" />
        <include name="lib/swedish/" />
        <include name="lib/extensions/" />
        <!-- greenfoot stuff -->
        <include name="lib/greenfoot/**" />
    </patternset>

    <patternset id="greenfoot.scenarios">
        <include name="scenarios/" />
    </patternset>

    <patternset id="greenfoot.tutorial">
        <include name="tutorial/" />
    </patternset>

    <patternset id="greenfoot.license.files">
        <include name="GREENFOOT_LICENSES.txt" />
    </patternset>

    <target name="dist">
        <delete dir="install_tmp" />
        <mkdir dir="install_tmp" />

        <!-- construct the directory structure we want for the distribution -->
        <copy todir="install_tmp" preservelastmodified="true">
            <fileset dir="${bluej_home}">
                <patternset refid="bluej.libfiles" />
                <patternset refid="bluej.libdirs" />
                <patternset refid="bluej.docfiles" />
            </fileset>
            <fileset dir="${bluej_home}/package">
                <patternset refid="greenfoot.scenarios" />
            </fileset>
            <fileset dir="${bluej_home}/package">
                <patternset refid="greenfoot.tutorial" />
            </fileset>
            <fileset dir="${bluej_home}/package">
                <patternset refid="greenfoot.license.files" />
            </fileset>
        </copy>

        <chmod dir="install_tmp" perm="a+r" />

        <!-- jar the entire distribution into one jar file            -->
        <!-- (use zip instead of jar to avoid generation of manifest) -->
        <zip zipfile="${bluej.dist.jar}"
             basedir="install_tmp"
             compress="yes"
        />

        <antcall target="mac-dist" />

        <delete dir="install_tmp" />
        <mkdir dir="install_tmp" />

        <!-- Build the program which calculates the length of the  -->
        <!-- distribution jar, and stores its length in the        -->
        <!-- installer properties                                  -->
        <javac
               executable="${build_java_home}/bin/javac"
               fork="yes"
               srcdir="."
               destdir="install_tmp"
               includes="InstallerProps.java"
               debug="true"
        />

        <!-- Now run it -->
        <java
               classname="InstallerProps"
               fork="yes"
               jvm="${build_java_home}/bin/java"
            >
            <classpath>
                <pathelement location="install_tmp" />
            </classpath>
            <arg line="greenfoot-installer.props" />
        </java>

        <!-- And delete it as it's no longer needed   -->
        <delete file="install_tmp/InstallerProps.class" />

        <!-- Copy other files needed by the installer -->
        <copy todir="install_tmp" file="greenfoot-dist.jar" />
        <copy todir="install_tmp" file="greenfoot-install.png" />

        <!-- compile the installer -->
        <javac
               executable="${build_java_home}/bin/javac"
               fork="yes"
               srcdir="."
               destdir="install_tmp"
               includes="Installer.java"
               debug="true"
        >
            <compilerarg line="-source 1.3" />
            <compilerarg line="-target 1.3" />
        </javac>

        <!-- bundle the resulting class into the final distribution jar file -->
        <jar jarfile="${bluej.installer.jar}"
             basedir="install_tmp"
             compress="no"
             manifest="manifest"
             whenempty="fail" />

        <!-- cleanup
             leaves greenfoot-dist.jar for distribution to whoever is
             building the windows installer and leaves
             greenfoot-dist-new.jar which is the platform independant
             distributable -->
        <delete dir="install_tmp" />
        <delete dir="${bluej_home}/package/scenarios" />
        <delete dir="${bluej_home}/package/tutorial" />
        <delete>
            <fileset dir="${bluej_home}/package">
                <patternset refid="greenfoot.license.files" />
            </fileset>
        </delete>
        <delete file="greenfoot-install.png" />
    </target>

    <target name="mac-dist">
        <delete dir="mac_tmp" />
        <!-- Create the directory which will be the top level directory when unzipped-->
        <property name="zip_dir" location="mac_tmp/Greenfoot ${greenfoot.version}/" />
        <mkdir dir="${zip_dir}" />
        
        <!-- Files in this list will get the executable attribute set -->
        <property name="executable_files" value="**/PkgInfo,**/JavaApplicationStub" />

        <!-- copy the skeleton mac dir -->
        <copy todir="${zip_dir}/Greenfoot.app" preservelastmodified="true"> 
            <fileset dir="macfiles/Greenfoot.app"/> 
        </copy>
        
        <!-- update version number -->
        <replaceregexp byline="true">
            <regexp pattern="VERSION" />
            <substitution expression="${greenfoot.version}" />
            <fileset dir="${zip_dir}/Greenfoot.app/Contents" includes="Info.plist" />
        </replaceregexp>

        <!-- construct the directory structure we want for the distribution -->
        <copy todir="${zip_dir}" preservelastmodified="true">
            <fileset dir="install_tmp"/>
        </copy>
        
        <!-- The lib dir should not be in the root dir, so we move the contents to the proper mac-location -->
        <move todir="${zip_dir}/Greenfoot.app/Contents/Resources/Java">
            <fileset dir="${zip_dir}/lib/" />
        </move>
        <delete dir="${zip_dir}/Greenfoot.app/Contents/Resources/Java/lib" />

        <!-- ZIP it -->
        <zip destfile="${bluej.dist.mac}" duplicate="fail">
            <zipfileset dir="mac_tmp" excludes="${executable_files}" />
            <!-- Make the files executable that need to be executable -->
            <zipfileset dir="mac_tmp" filemode="755" includes="${executable_files}" />
        </zip>

        <delete dir="mac_tmp" />
    </target>


    <!-- windows-dist requires that a greenfoot-dist.jar file is placed into
         the package directory. This is unjarred and then rebuilt into
         the windows installer package (left as winsetup/bluejsetup.exe)-->
    <target name="windows-dist">
        <delete dir="install_tmp" />
        <unzip src="greenfoot-dist.jar" dest="install_tmp" />

        <exec dir="winsetup" executable="C:\Program Files\Inno Setup 5\ISCC.exe">
            <arg line="greenfoot.iss" />
        </exec>

        <delete dir="install_tmp" />
    </target>

    <target name="clean">
        <delete file="greenfoot-dist.jar" />
        <delete file="greenfoot-dist-new.jar" />
        <delete file="winsetup/bluejsetup.exe" />
        <delete dir="install_tmp" />
    </target>

</project>
